Name,Private Key,Public Key
sam,"-----BEGIN RSA PRIVATE KEY-----
MIIEowIBAAKCAQEAmoZ9Gfjx/VNQlXWGw2bh2u8cM3xqwFKW/DsfBFxi4OlBBbgp
AuhrA1bNCLhJp5nE4ghIelEQ1HUzyuzaRRm/adGmhcHc43gCiWYGaFz6djf7istT
47sRkiFXdU1cVO/RPKjzUxVPQwUJWrJaZhq2J3Ql4WeLZJU0lf/QwESZNPA1Fj4x
1MITSRpUj3VgjYn+BXPOJDsxthkgLt17p2I7kgC3TalPJ7VSLEDfjTlyiIFrJpUU
vFCTQOgNORpIOqwnxU/UyM/490JowmOR7sx1MAyspelwNKvqHGQX4UlzSr9h0S5o
rlwszQWPm5eonfd390Q1sIdRAzRhz96bHTe+UQIDAQABAoIBAAFHaxBIqCSYEKD/
DzetcaG+tEedEFNhj548dUkThG4/Af60j7LWZoHZYWKwx0vJxRhXmBV6l6qBgpVr
tNII+LWNEp01bcEMeo1ldLi/CcPqGlTzkkD+mLJyYBNgibrKfhtr3NE3ij+YUmOv
uZmyH4c3sfNR2ISTa1MxQgqgWroGXmg/N0rdFsQhBRVoSFrrEHcIHQ8zCAgPRh6J
IyLFLMiYEd6HHO7h5JnCLEJsnjljCh4PCHhNXMm6sxPM1nvdxqkah4Rp43VV3C4b
4a2FB7Og6d+N57yPbJKPm3Zw7lQlVEm/aD3mGJOKC9Zy0bWO9MD1ioDwE+gBpuDS
Lslb4MECgYEAx1AL0gS+N4v2Fm6jTvJotR0v8CTMQvNdnzL0f6+8VALcZFmo9o6Y
IZpwl8uAGNC+HNJqQvXJf7K7jk2+Rfu4KUI6fzwqWZv4KguKPeiChnRw+VkuLWkp
OGMXcHJ0964SaP9QHhGlpgsAdl6bWXYj/EQ8IejjR82y7cAz9PsMPUECgYEAxnl6
LfwjiQu7k8p1gL4P92wTzc3WHtOUCqU/EAJ5XnNWP9ozRoTX8KNh5V6dWOO8V8Az
azwmdlrTiYI+lbDks8uVpVW1wiy95LSjGKpPIzDzKBdq+0/QnstLwguf4ZqnhE1H
KAubm5tpAJTmShS5DfQUZRUH1lE8A5qYhE+TbRECgYBOpWNEp+J3AJ9GEroV+Mkg
TjgQRjTjZixXGUAo8isZ61cTsd1eDL4y5EHxY7dUE2ow7UZIzbuIy/n+GOcvrjfo
790tP4xmd4jg7lTKQOjgLSo2+d2ixZAiU9d343IMGX/iNnxioQwADO9Nxd7+2gMx
E6u2pbKpLp2f+uuFi1o1AQKBgHkJliA7FvS5yf/8RSJpRlVufLlSoRUVlL/VPJsn
1xppnhy8le6YjxQ6nzYBOFYANFkTZogsG4ysITtHyaECSsb3DeDRX1H2dSvnmVsu
aaqdbHxzo5N1flWIxz+kVTGBXk2Jzy41vgTshuGK7NIaxywiQNnQNIJX8hCElCSE
XvTxAoGBAJMFKnNSQG2k9YSBP/O6/+sggFvM9azuoihVHqe5qk8N0FLADp7ehK3A
1Uxmf+k/3918yZKvE5pnyH53+c0GyqoCIglb7GHXq1PstKCmsZj6ox1mraZBFlCK
l35PJ/FIFTP5xP2JS1G/UlkyjfS1Zmt95KknEswZ6QRpMhNrynHQ
-----END RSA PRIVATE KEY-----
","-----BEGIN PUBLIC KEY-----
MIIBIjANBgkqhkiG9w0BAQEFAAOCAQ8AMIIBCgKCAQEAmoZ9Gfjx/VNQlXWGw2bh
2u8cM3xqwFKW/DsfBFxi4OlBBbgpAuhrA1bNCLhJp5nE4ghIelEQ1HUzyuzaRRm/
adGmhcHc43gCiWYGaFz6djf7istT47sRkiFXdU1cVO/RPKjzUxVPQwUJWrJaZhq2
J3Ql4WeLZJU0lf/QwESZNPA1Fj4x1MITSRpUj3VgjYn+BXPOJDsxthkgLt17p2I7
kgC3TalPJ7VSLEDfjTlyiIFrJpUUvFCTQOgNORpIOqwnxU/UyM/490JowmOR7sx1
MAyspelwNKvqHGQX4UlzSr9h0S5orlwszQWPm5eonfd390Q1sIdRAzRhz96bHTe+
UQIDAQAB
-----END PUBLIC KEY-----
"
bob,"-----BEGIN RSA PRIVATE KEY-----
MIIEowIBAAKCAQEAmwcB3JDnokMlnm9Z7wQz8gjGQ1CrbNcvZVAXlnxXqqF0oTaY
F6jJLChxs7GHXM+xUnsc9hDGz7x9VcN9uu+WhA2hMxqY5Le6xCRwU8SBiiG+1h/R
6buWb4XNRVVx8XCYfwdHyO2rYoqfVwF0VWZp52E2ij1HHoTEpczwRQX6PAQFlrbC
Lsig0oHjJuFgiVuz/CltYzXXaNKpTHdK+6LAo4zA1NeaIztJAJS6qUjii4Kth5hl
FPZyKLK7vKCaJMD0+Txb/R0YU5us7JJu9HMZhmUQeh+eIYgwAaFJd7TtqghzVntr
2SB5/osp1m+a3yJt7K0IkbAaSQI3VVI6wHQtUwIDAQABAoIBABpNmI/DWEHMMcRN
cU1gAa5FtdnzBHrtkcGXUsE6LKerSD4YJLsS7Lscy5no+6YQKS5s7A+F7i2N9hgI
mLsQbpHOPDUPBLT9xWcFJbfYxf/ZVOdAs9178fzPD3J9ml0UNROMeS4KwULxcTKS
cRoSS9KxyE6xMfFoJnNZL8UOTBRFeJOaH9pt7T02vNHXWSVdLn6pdvpwwte1rr7a
dY9938ELhk2lSE1pYRmKUyadD03tJPBJF3I+Ih3oP+nmZobUXN0wHFaqlDF4jpg2
QCLoTq56b6ghfp/C+6AVLqXdsf8Qc2yzxx+sYaj4qUOScpr6SFlQLov80F2RdjFe
YgVX+IUCgYEA2L5YZ9jrdkP1B1tP8RMrzEcnlSbE2c+XYyVMAfTfK3oFQPq9kMjC
WCmCw0IvBeVwsRTjI3//abvB5qLU3H4Rh/eLI7Seb9jS1O8uBre+ztHaZ9X+7REH
AWRvjEuIqhFphgi9aN6/KzoT0HS0thgFUIWsuLIkLEfEfz0+noXPdAcCgYEAtxsY
UbBtr9Tfk/xfR+paCizu1hXuNzOqq4VQu8imhcAdI29sp4adNnB4vCfLpPr3o80V
JsyER6f/MO8+KjhxqcYNgWKXwYnhsfNEDWjFVohENNjqQqRgXa6pUCjKzQv3IHq8
Ozwk43834cMrHQMi4tGv9Gxp59lYzJl/GvyEYVUCgYEAtLBCbRh2e1p97Asgot4T
ljH/eqUeWGJqV1ohekQUxF7uAFTIMepbsjmw7GzBXM4A22+JR/AOEqxXIpm+kK58
mPgyQ6rwpleAs8lNeoY2CJ8Dz6qj4iheybdcEv5pSTZI3Vdt5/5CKpw5JoAUovV1
gMJf0n2YEF4oHtcE3Ay7fIMCgYAV8kJs8BeFfp85joMhDH60P4R01nYR2bh4DGeL
ylXjLA6SA7XjMmg/cSWXb7Gh2Y667Ea/ur2UFReqFtK9nrxI2/scaePEh7EscfrT
HJ6ia3y5VNJnIGqIb/nNKMZ94xRAqVVMSD4nokThY1IUjR6uTvGm+yOKbWuOQkuQ
wXlgbQKBgClvgnzNJoB/epk1zV+9Y3jhf4ggKC6OzHZ9xT7p9HtBR5Crkk5JhBPI
txFRUOIM+tzjVph/aolmNv6rvAU1ILWIeilQ+B5L+01OmDSwIEyPpxYSFxgYGe98
ILStXmitjioA6vxrTVWuuXPIVUr8e2cFuJmpQHLHNpNV3rMEtcIo
-----END RSA PRIVATE KEY-----
","-----BEGIN PUBLIC KEY-----
MIIBIjANBgkqhkiG9w0BAQEFAAOCAQ8AMIIBCgKCAQEAmwcB3JDnokMlnm9Z7wQz
8gjGQ1CrbNcvZVAXlnxXqqF0oTaYF6jJLChxs7GHXM+xUnsc9hDGz7x9VcN9uu+W
hA2hMxqY5Le6xCRwU8SBiiG+1h/R6buWb4XNRVVx8XCYfwdHyO2rYoqfVwF0VWZp
52E2ij1HHoTEpczwRQX6PAQFlrbCLsig0oHjJuFgiVuz/CltYzXXaNKpTHdK+6LA
o4zA1NeaIztJAJS6qUjii4Kth5hlFPZyKLK7vKCaJMD0+Txb/R0YU5us7JJu9HMZ
hmUQeh+eIYgwAaFJd7TtqghzVntr2SB5/osp1m+a3yJt7K0IkbAaSQI3VVI6wHQt
UwIDAQAB
-----END PUBLIC KEY-----
"
alice,"-----BEGIN RSA PRIVATE KEY-----
MIIEowIBAAKCAQEAqs51hMmJSuW9KPM/TX59zxeRCLPmgLTbVMI+dAdbD56lrU/f
tFZCKZZzMpxu5jVjIREelsPcK3xzqy9FvnsrZN0ktTYd3Mf7mPbWWkqw4akRQMNl
zgzyJBGjfiu8JS9SvJqrlYyr8VVei8mnhgcj0ie4Q0WqrwAL6aMCP8mP97dO0MZR
axZ1mPeCJ+NIocGDxfoE8RIAlMec/Sc2d1Zhte/snLvu5oQ+2NeC1oZknCM9t2aT
efyinxP3pCx5lEm8hm/CPx2LHzxsCNCf0sLbf1D4aHG9ChNK8qzUvYVwk8r8mIou
Zy8pCsUkgsdts+XbYYQPCjg1IQFK8mC3r8TLOQIDAQABAoIBAB5r7DlszcOlvHWl
MWKjg1PVrjK/G/BThfcIK6htwPW8u2RtY/oSHPGcRsM+YnAlFRVIH8sZckbagR19
q23cMSPjUUznKRVwFustF4t4Xx2qB5Uh2CmFW8E51QU9U+LJlXJbF/FoXx16J389
ONWhwusEwQhWSaqmlviTXGyxAS/Mzvg2o5y671yBKXuJH4dNKuA2+BwI3gFV48zM
xfQvkCRzLZWxp6bxJjKL++4VJbfdZ8TLZBtYibt2bCRw0buv41p0Re++AXlN9A8i
oJ5fJB+mifqj2A/BVJ5n+fmMqwqyoz8Yx2NYArZVxkKYRnZ+j9NdTmWIP+ineqny
B8Lkh5sCgYEA5IYTyg/sB7NpwiiGj+33YILa2HTW05LnXv/F/4NnRFTXAyE2c71G
cZ0O4y1f+naZ1az17H3js2tMEmX0lVHj0tUI3Zy02eZOT7EycTq7D3pOqWFZIHuU
1/4o+yz/8xwJxGVDbY/bRFz0NY3aWHscjB+E4i9E2uxWroRTk/s8uycCgYEAv1fa
qC4YPBoGdqGJBcL77iKAYTht4afnFPkUWUnDndskKY8wZlLcjXklJ6MSvwA3iB9s
5KQdTA/XkEKM+8rKNN40vL1uKNfUCWQjDQFUqxfpJmUcbyqYtxpxtC5Z5gJT1d/e
bHHL1mpopSt1f3ykoejlRJbQ4z/PcE34v86fwp8CgYAGVCxCIVTBFdfs96BaZhW+
x4D2E65LZ7sep2i9Xc9DVjIqNQZECE7mIJpj8kLBNf2mrEaXSRlAQ810iPxQEleD
5EB9mrRrgHRUwqyJ9D1v/UwmZrrIKoQBw1kxM5rXCcS/eqp2Y1CIQSbGQOp2Htq4
irrsZLC8e2UfKi0CYSfaawKBgCdAWnaNniMWI6VKVdV8vjmHklZfQQs9akX/IpF+
dEZ5od10pjUXYm8THvAWn83WuY2PBMOSdwAXb90ECe/NFdXqj174bRSr0a9rf1U3
pKrEaOubak3TqyhEoHaZ2483gwMovXP5lBsUEQtw8tWIOC2OnRmI5qj3ehJLrG+M
b3F5AoGBANYu4O4xmAp/S+wN1Qm2mek3C/GGHYrL+XAzcYVaqBqsbG5trdc6e8gT
1DGwF/q5csE47g9BrztIggJApIgeo5hAneh2xqAKhiUZhVcX2UuuY1jdQNXvgcN2
FfxwSiH3Y6GK2J0s/5Cy1vqa4rIUrNr+zkABOzg+pzEKY//jbDM0
-----END RSA PRIVATE KEY-----
","-----BEGIN PUBLIC KEY-----
MIIBIjANBgkqhkiG9w0BAQEFAAOCAQ8AMIIBCgKCAQEAqs51hMmJSuW9KPM/TX59
zxeRCLPmgLTbVMI+dAdbD56lrU/ftFZCKZZzMpxu5jVjIREelsPcK3xzqy9Fvnsr
ZN0ktTYd3Mf7mPbWWkqw4akRQMNlzgzyJBGjfiu8JS9SvJqrlYyr8VVei8mnhgcj
0ie4Q0WqrwAL6aMCP8mP97dO0MZRaxZ1mPeCJ+NIocGDxfoE8RIAlMec/Sc2d1Zh
te/snLvu5oQ+2NeC1oZknCM9t2aTefyinxP3pCx5lEm8hm/CPx2LHzxsCNCf0sLb
f1D4aHG9ChNK8qzUvYVwk8r8mIouZy8pCsUkgsdts+XbYYQPCjg1IQFK8mC3r8TL
OQIDAQAB
-----END PUBLIC KEY-----
"
max,"-----BEGIN RSA PRIVATE KEY-----
MIIEpAIBAAKCAQEAuRB5YWzA4XQxVM9xTidrBiNIsAE6WzU3q8+K/YRsobQU8Rrq
CqpbJ/H4EGiAx1aRfqgphCpz755VH3M4b9muHvHEKNP+XDIIu95TB39Lba0XZQX5
/GeVybj2nvmRbb3l6u3T2mIz18cczD52wlmRmwCtmw3r57dLxuteZPPKH9WrEPPl
wm5oRq4Ob05yxJQn0/nKiWMPUgbRzfq7c1USIq/b6LE//hbKzgCbg6+x+FurIOKq
fi/c2MbUdSmdmirSX94COjpUcCEld6voAL5Hvq/V79UTZDZ2WI9JSjoidHHX9ie/
oVEEUqO5SK/1LD17JCIDQeNJtIRTbOORDrcZOQIDAQABAoIBAAb0vDs8j+YULKPY
GurUccy3QszVdFC9Uqxd5AbcwAs2mPA/EhD4j5iUGxOIJLRZZ/qaGNq45cavQtp9
xYn0D/wQcPkVOXhUVnOz9Zb7N+XqyE2pyIMDjw5tVLJrsFsESkIRp7w2ThCMPA7e
l4Qn7bXPyWFh8pNbwQ4RsWibU+ZCXJXjXnq/vsjuvcDz0h3ALz88p7sexBvvS7/x
CW+pmborVJ90SRc5ldE2aiASObfR+Fva8GJSEz+B0AJQFpDYY1o1HYg05BqjNe/D
jQyFJIumUGGpw2O6ybclbBEofqSX6MSVCF5s+gcx8DloM1yVrSnTkOmkGz4pEwQT
A5hwOokCgYEA9mxdf7SbmhHu7YZht4HaUsfgJ8a/zY/Eb2+1MtcCtjnX6b32Knrq
nZzNuGcB7/KjAzvS4uIRpYfDBd36YDj9LECb2dmfPuJymJoAQdZWv2w8oQB7axwJ
bkJCbDlG7HuCPPvihUn/ZJMlw/RGHSAs4ot9sa6qo2xK16im127bf7cCgYEAwEGo
Bw4TxZ0iwVTXoLNZN7JjmTj9iw52hIjeOnTKxEX8/82oqt4j0tVxuehVcbgEtbNA
QLlOwkWcjn2tqKvEHFNy9buZdVnt9CJzyr1VVsWT+WxkAni5hoj70KxufFHoMHBZ
XBGeexRd8NM5475cNbZJ0+i/unwnWQF65/ZXTo8CgYEAtpW+hXQd4v+sqAPs/VpS
mQmOFgrWbQo8Q1Fi0gOr97dOOtvMvNcMZbIcX6i7L735eNjnvcJBzwOTxhIehRNU
y2gn0jfEHYUN4fIhhKa66eTZ23WO/OLuPesMakHaQjiVXHhJ8/bLLAs3bUTeepAv
kcBHZtMDjkkb/0TwMinqq2sCgYBa8jQkMjqULsM0JYhjUrQPrumCn/0AfPT/uSc3
C+yncFxAPe9d9PuJTsMfqJJS2zQPKB5q/74MFJX8qeMueSKqK6ekKvxrEQGJjYqt
C2eFRq27PdUJfkZ1J/PHQOp7ENv/ngYHkaYgnv/ZXnJyE6jXF8ZQ4jdgZj7O0e5s
MJIYbQKBgQCIxoooiq9GicV0AW1M3+g63/LFaIps4kBemruR8zWs8aeV1HSIG8tg
HLFR613SXuuCDtl1RGxhhkUSF/88DrDB3MC22nFVrsBLF8qVph3CduEvKwGufrsF
jzFf2JQn/ITKT6nSVD+uaXAG3aWA5F74aHLxZW9uLJbbspUd5RW87g==
-----END RSA PRIVATE KEY-----
","-----BEGIN PUBLIC KEY-----
MIIBIjANBgkqhkiG9w0BAQEFAAOCAQ8AMIIBCgKCAQEAuRB5YWzA4XQxVM9xTidr
BiNIsAE6WzU3q8+K/YRsobQU8RrqCqpbJ/H4EGiAx1aRfqgphCpz755VH3M4b9mu
HvHEKNP+XDIIu95TB39Lba0XZQX5/GeVybj2nvmRbb3l6u3T2mIz18cczD52wlmR
mwCtmw3r57dLxuteZPPKH9WrEPPlwm5oRq4Ob05yxJQn0/nKiWMPUgbRzfq7c1US
Iq/b6LE//hbKzgCbg6+x+FurIOKqfi/c2MbUdSmdmirSX94COjpUcCEld6voAL5H
vq/V79UTZDZ2WI9JSjoidHHX9ie/oVEEUqO5SK/1LD17JCIDQeNJtIRTbOORDrcZ
OQIDAQAB
-----END PUBLIC KEY-----
"
eden,"-----BEGIN RSA PRIVATE KEY-----
MIIEpAIBAAKCAQEAoKb9gfZEJbtjtXt46+2/gYFFjbj1Nr4GAGNt3Nw7Wi0VQ7yP
Ck7e0WVsvIe7EOR5ABl4OD5ypuk+l8y34T9iSW/yx2s/1NbFYUAnXw0NFFP6wq5+
DTGsbtuSsZnQDhlGZQcm+1p/lv4vkLSwhw30kLjfPp2dL94LKy6EjnbCRsuRm8WO
2+6EtMm9qK4V1dP3iiL8ql3XhgXHxKgcA/AOdyljP+q/wJTqlCWFqqN2nWMLLdJy
Bt1kfbQkbpVYpsmvfE4JJyVD2aXmhc5NXsF5mM0Z7bJQABdDDfkjGCVmsPgGAgBn
oKIckTSMkiAYbCXG4Q6RabapZ2KSjrOk/lNRJQIDAQABAoIBABUXV1jkl/XMMD73
QtzWjbnW2ubMTYUuVWNfqmDAmRoxqQUHkE/uItqi0i++MhT5qdkVfu8DY9H99TXA
rrNnuuOhSuJbdjnfKHKoFYMpF3p/vAArIGljCBxVv2CJrQLs1o0U7004iF+uZ1g8
IKDaeC032DdEQgqywAyfQs/hT4gzpFrMyxKCOroxpyCmFc6xAPbNO/qCedp+3kIy
0S93tvYrY/ZH3lJGDyI0Denga86IYCGIG7S4KgnomJaNIgg9dfs3bJEfpMuZfhdX
lu40seU+Jw0xyE1FkQy4Se/v51SPSIJWw29WM94cteVi2Xqsglu+BcinGo/cbwrU
zSLWj4ECgYEAz3oVtfnBGcwczEIDvoru0StbaVMzgWMgfNcvB5kUGaYVwn5FmIpg
rD9CcIR2jEe1PkAeOBlbpEw9TqIAGMUghGox1AGcWHzqpnNf60+e26hjKZZaaxZd
vnIZQ5sJiLUOsZmwe7SgxIgaFYCldT2w9eLzM+AP93kcrjknsWVd0i0CgYEAxjl0
pC5O0uo2IJTOkTq+mXaEXmL+aMrsLE8m2+/FgmNGgLEbb4I+MuX9YZ4xB+GiajV2
a8UqMW7qj9gTgafVu4i5ygRxTCS6AoRHKOD4AbwLyigwVj4rWIFp2cTwVGO7tyQj
efZuBxitVCJ51ozlBClMPCJR+urZ+n4in/DrbdkCgYEAnwPN4gQCiLgUlkQ+RGqN
MQlO7UGUZyVHQAdYhzU+342YfdFzm77q6vks/bm4djl7YrOXtZ1RzHGWR08ITfO/
wVz2xataXcOXwG0K5fnHIklDfxs6P3sL7CvcyyDnRLyn/1xwk89TrG03uKU5qsrW
dw4zId4nvp83aRxrHJ45Mx0CgYBi4X5h+AeyBsuBbTmuEJPLkedt/gvS0ocFg2Zr
CCyKYmNlBvQcp+fHFBtVesgSmmeee5TbJbtqdV3k63CvmL1xkz66m4S46wkvADVP
GwocM2XeLjYOj2yn9caLr0YDksytCwX3bQpt181+zsPgVuBXNxKkXKpwdH7QCePT
zSZj4QKBgQCBW27Xq/8juKmEoFv3khvinQpjw34/NKjhwimr1gUZkCHk3yVI0Y+F
ElBGJWngf9DbFxpJHc8VQf4A41cn8TrWUmr5LCmkUtSf2giApYKi3renkTd05Ikt
ugGLebW3jY7VYvVUZQtDfhQqenYT2jTITymDBYkiADrlkpyMqtLQog==
-----END RSA PRIVATE KEY-----
","-----BEGIN PUBLIC KEY-----
MIIBIjANBgkqhkiG9w0BAQEFAAOCAQ8AMIIBCgKCAQEAoKb9gfZEJbtjtXt46+2/
gYFFjbj1Nr4GAGNt3Nw7Wi0VQ7yPCk7e0WVsvIe7EOR5ABl4OD5ypuk+l8y34T9i
SW/yx2s/1NbFYUAnXw0NFFP6wq5+DTGsbtuSsZnQDhlGZQcm+1p/lv4vkLSwhw30
kLjfPp2dL94LKy6EjnbCRsuRm8WO2+6EtMm9qK4V1dP3iiL8ql3XhgXHxKgcA/AO
dyljP+q/wJTqlCWFqqN2nWMLLdJyBt1kfbQkbpVYpsmvfE4JJyVD2aXmhc5NXsF5
mM0Z7bJQABdDDfkjGCVmsPgGAgBnoKIckTSMkiAYbCXG4Q6RabapZ2KSjrOk/lNR
JQIDAQAB
-----END PUBLIC KEY-----
"
